{
  "timestamp": "2025-11-03T13:51:57.761960",
  "statistics": {
    "total_papers": 200,
    "downloaded": 141,
    "ocr_completed": 198,
    "failed_downloads": 1,
    "failed_ocr": 1,
    "total_pages": 4301,
    "skipped_existing": 0
  },
  "output_directory": "pdf_ocr",
  "processed_papers": [
    "2510.26732v1",
    "2510.26697v2",
    "2510.26101v1",
    "2510.26253v1",
    "2510.27355v1",
    "2510.27418v1",
    "2510.25356v1",
    "2510.25273v1",
    "2510.25087v1",
    "2510.27052v1",
    "2510.27672v1",
    "2510.27623v1",
    "2510.27688v1",
    "2510.27378v1",
    "2510.26457v1",
    "2510.25904v1",
    "2510.25805v1",
    "2510.26745v1",
    "2510.26543v1",
    "2510.26802v1",
    "2510.26615v1",
    "2510.27313v1",
    "2510.26790v1",
    "2510.27087v1",
    "2510.26254v1",
    "2510.27462v1",
    "2510.25412v1",
    "2510.26190v1",
    "2510.27556v1",
    "2510.26183v1",
    "2510.25187v1",
    "2510.25623v2",
    "2510.26474v1",
    "2510.26285v1",
    "2510.25460v1",
    "2510.27532v1",
    "2510.25110v1",
    "2510.26124v1",
    "2510.25979v1",
    "2510.26422v1",
    "2510.26787v1",
    "2510.25932v1",
    "2510.26322v1",
    "2510.27569v1",
    "2510.26095v1",
    "2510.25677v1",
    "2510.25860v1",
    "2510.25975v1",
    "2510.25303v1",
    "2510.26345v1",
    "2510.26024v1",
    "2510.26182v1",
    "2510.27038v1",
    "2510.25013v1",
    "2510.26241v1",
    "2510.27400v1",
    "2510.26768v1",
    "2510.25101v1",
    "2510.25409v2",
    "2510.26575v1",
    "2510.26298v1",
    "2510.26495v1",
    "2510.25378v1",
    "2510.27106v1",
    "2510.27254v1",
    "2510.27077v1",
    "2510.26861v1",
    "2510.26498v1",
    "2510.27543v1",
    "2510.25726v1",
    "2510.27535v1",
    "2510.25224v1",
    "2510.27269v1",
    "2510.24992v1",
    "2510.25801v1",
    "2510.27176v1",
    "2510.27238v1",
    "2510.25577v1",
    "2510.26622v1",
    "2510.25055v1",
    "2510.27413v1",
    "2510.26274v1",
    "2510.25694v1",
    "2510.26912v1",
    "2510.25069v1",
    "2510.26887v1",
    "2510.25557v1",
    "2510.26512v1",
    "2510.27045v1",
    "2510.25797v1",
    "2510.26202v1",
    "2510.27195v1",
    "2510.26658v1",
    "2510.26336v1",
    "2510.27196v1",
    "2510.25967v1",
    "2510.27054v1",
    "2510.25384v1",
    "2510.27017v1",
    "2510.27183v1",
    "2510.27407v1",
    "2510.26935v1",
    "2510.26167v1",
    "2510.27469v1",
    "2510.26683v1",
    "2510.25150v1",
    "2510.27477v1",
    "2510.25232v1",
    "2510.25804v1",
    "2510.26037v1",
    "2510.25771v1",
    "2510.27049v1",
    "2510.27258v1",
    "2510.26847v1",
    "2510.26006v1",
    "2510.27369v1",
    "2510.25992v1",
    "2510.25741v1",
    "2510.27267v1",
    "2510.26969v1",
    "2510.26493v1",
    "2510.25628v1",
    "2510.25816v1",
    "2510.26484v1",
    "2510.26446v1",
    "2510.26606v2",
    "2510.27246v1",
    "2510.25432v1",
    "2510.26143v1",
    "2510.26020v1",
    "2510.27016v1",
    "2510.25333v1",
    "2510.27241v1",
    "2510.26205v1",
    "2510.25977v2",
    "2510.25732v1",
    "2510.25884v1",
    "2510.25116v1",
    "2510.26200v1",
    "2510.26352v1",
    "2510.25434v1",
    "2510.25621v1",
    "2510.27552v1",
    "2510.25310v1",
    "2510.25440v1",
    "2510.26032v1",
    "2510.25441v1",
    "2510.26707v1",
    "2510.26277v1",
    "2510.25595v1",
    "2510.25426v1",
    "2510.26423v1",
    "2510.26038v1",
    "2510.27516v1",
    "2510.27568v1",
    "2510.26974v1",
    "2510.25947v1",
    "2510.25798v1",
    "2510.27037v1",
    "2510.26193v1",
    "2510.25117v1",
    "2510.27641v1",
    "2510.26577v1",
    "2510.27328v1",
    "2510.26122v1",
    "2510.27118v1",
    "2510.27484v1",
    "2510.25766v1",
    "2510.25064v1",
    "2510.25017v1",
    "2510.26788v1",
    "2510.25427v1",
    "2510.26354v1",
    "2510.27512v1",
    "2510.25626v1",
    "2510.25761v2",
    "2510.26521v1",
    "2510.25701v1",
    "2510.25320v1",
    "2510.27063v1",
    "2510.27419v1",
    "2510.27571v1",
    "2510.25536v2",
    "2510.25206v1",
    "2510.25054v2",
    "2510.25817v1",
    "2510.25941v1",
    "2510.25744v2",
    "2510.25364v1",
    "2510.25413v1",
    "2510.27055v1",
    "2510.25160v2",
    "2510.25799v1",
    "2510.27337v1",
    "2510.26692v1",
    "2510.25370v1",
    "2510.26852v1",
    "2510.26271v1"
  ]
}